{
    "overall": {
        "precision": 0.009369067472977628,
        "recall": 1.0,
        "f1": 0.0185642056493149,
        "iou": 0.009369067472977628,
        "dice": 0.0185642056493149
    },
    "per_video": {
        "video1": {
            "precision": 0.009369067472977628,
            "recall": 1.0,
            "f1": 0.0185642056493149,
            "iou": 0.009369067472977628,
            "dice": 0.0185642056493149
        }
    }
}